City ID,City,Country,Lat,Lng,Max Temp,Humidity,Cloudiness,Wind Speed,Date,Current Description
0,Buluang,PH,13.3068,123.3425,82.22,82,100,12.8,2021-08-01 22:53:18,light rain
1,Tomatlan,MX,19.9333,-105.25,86.81,67,11,7.23,2021-08-01 22:53:19,few clouds
2,Bambous Virieux,MU,-20.3428,57.7575,66.45,94,75,8.05,2021-08-01 22:53:19,light intensity shower rain
3,Esperance,AU,-33.8667,121.9,49.84,67,65,21.34,2021-08-01 22:52:15,broken clouds
4,Punta Arenas,CL,-53.15,-70.9167,42.91,75,40,17.27,2021-08-01 22:53:20,scattered clouds
5,Rikitea,PF,-23.1203,-134.9692,69.1,57,42,20.92,2021-08-01 22:53:20,scattered clouds
6,Guerrero Negro,MX,27.9769,-114.0611,82.81,55,3,13.51,2021-08-01 22:53:21,clear sky
7,Matoury,GF,4.8483,-52.3317,83.01,78,0,2.3,2021-08-01 22:53:21,clear sky
8,Busselton,AU,-33.65,115.3333,54.45,56,94,9.01,2021-08-01 22:53:22,overcast clouds
9,Lata,PT,40.1629,-8.3327,67.05,99,94,0.4,2021-08-01 22:53:22,overcast clouds
10,Bethel,US,41.3712,-73.414,73.76,84,90,4.61,2021-08-01 22:52:35,overcast clouds
11,Avarua,CK,-21.2078,-159.775,75.25,94,90,13.8,2021-08-01 22:53:23,moderate rain
12,Bluff,NZ,-46.6,168.3333,44.8,82,98,6.35,2021-08-01 22:53:23,overcast clouds
13,Barajevo,RS,44.5789,20.4158,78.48,42,33,9.24,2021-08-01 22:53:24,scattered clouds
14,Sao Joao Da Barra,BR,-21.6403,-41.0511,67.28,64,93,9.01,2021-08-01 22:53:25,overcast clouds
15,Kapaa,US,22.0752,-159.319,84.18,80,64,5.01,2021-08-01 22:53:25,light rain
16,Ushuaia,AR,-54.8,-68.3,46.06,46,20,17.27,2021-08-01 22:50:27,few clouds
17,Tari,NG,12.4086,4.4914,74.3,92,100,17.16,2021-08-01 22:53:26,heavy intensity rain
18,Hermanus,ZA,-34.4187,19.2345,56.89,80,95,0.54,2021-08-01 22:53:26,overcast clouds
19,Salalah,OM,17.0151,54.0924,75.22,93,100,6.35,2021-08-01 22:51:41,overcast clouds
20,Sulangan,PH,11.1373,123.7228,83.84,73,100,13.24,2021-08-01 22:53:27,overcast clouds
21,Kovur,IN,14.4833,79.9833,84.07,53,96,15.64,2021-08-01 22:53:27,overcast clouds
22,Lavrentiya,RU,65.5833,-171.0,41.67,84,100,15.82,2021-08-01 22:53:27,overcast clouds
23,Nikolskoye,RU,59.7035,30.7861,62.4,93,40,4.9,2021-08-01 22:53:28,scattered clouds
24,Micheweni,TZ,-4.9667,39.8333,73.8,83,51,11.77,2021-08-01 22:53:28,broken clouds
25,Tallahassee,US,30.4383,-84.2807,83.93,69,75,5.75,2021-08-01 22:50:52,broken clouds
26,Tasiilaq,GL,65.6145,-37.6368,41.83,77,50,4.88,2021-08-01 22:53:29,scattered clouds
27,Atuona,PF,-9.8,-139.0333,77.11,69,31,10.36,2021-08-01 22:53:29,scattered clouds
28,San Ramon De La Nueva Oran,AR,-23.1322,-64.326,59.43,35,41,0.58,2021-08-01 22:53:30,scattered clouds
29,Dikson,RU,73.5069,80.5464,40.12,99,98,9.08,2021-08-01 22:53:30,overcast clouds
30,Labuhan,ID,-6.8844,112.2051,75.99,80,10,9.48,2021-08-01 22:53:31,clear sky
31,Cape Town,ZA,-33.9258,18.4232,57.11,84,20,1.99,2021-08-01 22:53:31,few clouds
32,Kaitangata,NZ,-46.2817,169.8464,47.73,90,46,4.07,2021-08-01 22:53:32,scattered clouds
33,New Norfolk,AU,-42.7826,147.0587,38.71,85,31,2.73,2021-08-01 22:53:32,scattered clouds
34,Jamestown,US,42.097,-79.2353,69.08,66,20,4.0,2021-08-01 22:53:32,few clouds
35,Carnarvon,AU,-24.8667,113.6333,48.27,68,0,10.36,2021-08-01 22:52:10,clear sky
36,Albany,US,42.6001,-73.9662,71.47,84,89,6.73,2021-08-01 22:51:11,moderate rain
37,Port Angeles,US,48.1181,-123.4307,79.57,73,1,17.27,2021-08-01 22:53:33,clear sky
38,Le Port,RE,-20.9373,55.2919,66.2,66,14,8.48,2021-08-01 22:53:34,few clouds
39,Bredasdorp,ZA,-34.5322,20.0403,56.52,77,86,3.44,2021-08-01 22:53:34,overcast clouds
40,Turki,RU,51.987,43.2731,69.1,72,21,4.25,2021-08-01 22:53:35,few clouds
41,Hualmay,PE,-11.0964,-77.6139,65.44,78,10,9.17,2021-08-01 22:53:35,clear sky
42,Mataura,NZ,-46.1927,168.8643,44.47,91,84,2.37,2021-08-01 22:53:36,broken clouds
43,San Pedro,PH,14.35,121.0167,82.15,83,90,5.75,2021-08-01 22:53:36,overcast clouds
44,Alyangula,AU,-13.8483,136.4192,69.67,100,90,0.0,2021-08-01 22:53:36,overcast clouds
45,Faanui,PF,-16.4833,-151.75,77.63,68,30,14.38,2021-08-01 22:52:00,scattered clouds
46,Ekibastuz,KZ,51.6667,75.3667,72.27,48,13,7.74,2021-08-01 22:53:37,few clouds
47,Sale,MA,34.0389,-6.8166,67.75,88,4,0.0,2021-08-01 22:53:37,clear sky
48,Bulalacao,PH,12.3254,121.3435,82.31,81,100,19.6,2021-08-01 22:53:38,overcast clouds
49,Vestmannaeyjar,IS,63.4427,-20.2734,53.94,91,92,5.93,2021-08-01 22:53:38,overcast clouds
50,Vityazevo,RU,44.9931,37.2719,72.01,78,0,2.24,2021-08-01 22:53:39,clear sky
51,Hobart,AU,-42.8794,147.3294,43.11,83,0,1.99,2021-08-01 22:48:49,clear sky
52,Vaini,TO,-21.2,-175.2,73.56,83,40,21.85,2021-08-01 22:53:40,light rain
53,Licheng,CN,23.2955,113.8284,80.53,89,99,1.05,2021-08-01 22:53:40,light rain
54,Ranong,TH,9.9658,98.6348,79.92,87,100,14.34,2021-08-01 22:53:40,overcast clouds
55,Isangel,VU,-19.55,169.2667,69.91,83,75,5.75,2021-08-01 22:53:41,broken clouds
56,Kalmunai,LK,7.4167,81.8167,80.28,75,100,4.88,2021-08-01 22:53:41,overcast clouds
57,Khatanga,RU,71.9667,102.5,63.79,68,38,9.4,2021-08-01 22:48:55,scattered clouds
58,Aizkraukle,LV,56.6048,25.2553,60.89,93,100,4.09,2021-08-01 22:53:42,light rain
59,Ilave,PE,-16.0833,-69.6667,38.77,86,48,7.36,2021-08-01 22:53:42,scattered clouds
60,Barrow,US,71.2906,-156.7887,51.82,77,90,17.27,2021-08-01 22:53:43,overcast clouds
61,Owando,CG,-0.4819,15.8999,74.88,70,56,3.56,2021-08-01 22:53:43,broken clouds
62,Saint-Philippe,RE,-21.3585,55.7679,65.79,76,49,7.78,2021-08-01 22:49:20,scattered clouds
63,Longyearbyen,SJ,78.2186,15.6401,42.35,85,99,6.73,2021-08-01 22:53:44,overcast clouds
64,Klaksvik,FO,62.2266,-6.589,49.12,81,65,6.73,2021-08-01 22:53:11,broken clouds
65,Lebu,CL,-37.6167,-73.65,50.11,77,39,16.55,2021-08-01 22:53:45,scattered clouds
66,Nuuk,GL,64.1835,-51.7216,50.9,70,100,6.02,2021-08-01 22:53:45,overcast clouds
67,Bowen,AU,-20.0167,148.2333,62.82,73,8,5.75,2021-08-01 22:53:46,clear sky
68,Bitung,ID,1.4451,125.1824,76.05,84,99,10.65,2021-08-01 22:53:46,overcast clouds
69,Buinsk,RU,54.95,48.2833,64.29,66,90,4.65,2021-08-01 22:53:47,overcast clouds
70,Torbay,CA,47.6666,-52.7314,66.97,73,40,14.97,2021-08-01 22:53:47,scattered clouds
71,Batemans Bay,AU,-35.7167,150.1833,54.1,87,11,3.83,2021-08-01 22:53:48,few clouds
72,Najran,SA,17.4924,44.1277,86.65,41,100,10.18,2021-08-01 22:52:07,overcast clouds
73,Bahile,PH,9.9995,118.7878,80.64,80,72,5.21,2021-08-01 22:53:48,broken clouds
74,Ambilobe,MG,-13.2,49.05,67.42,81,7,2.71,2021-08-01 22:53:49,clear sky
75,Port Hedland,AU,-20.3167,118.5667,60.85,41,0,10.36,2021-08-01 22:53:49,clear sky
76,Launceston,AU,-41.45,147.1667,41.14,93,90,6.91,2021-08-01 22:53:50,overcast clouds
77,San Patricio,US,28.017,-97.5169,95.72,55,99,16.67,2021-08-01 22:53:50,overcast clouds
78,Tuatapere,NZ,-46.1333,167.6833,44.82,91,100,2.59,2021-08-01 22:53:51,light rain
79,Sorong,ID,-0.8833,131.25,79.9,86,32,10.56,2021-08-01 22:53:51,scattered clouds
80,Vila Velha,BR,-20.3297,-40.2925,71.96,65,40,6.91,2021-08-01 22:53:52,scattered clouds
81,Pisco,PE,-13.7,-76.2167,66.25,72,0,11.5,2021-08-01 22:53:53,clear sky
82,Avera,US,33.194,-82.5271,96.67,58,56,13.51,2021-08-01 22:49:38,broken clouds
83,Orlik,RU,52.5178,99.825,49.14,97,100,4.76,2021-08-01 22:53:53,moderate rain
84,Tateyama,JP,34.9833,139.8667,86.09,74,2,5.41,2021-08-01 22:53:54,clear sky
85,Ono,JP,34.85,134.9333,83.8,76,88,5.21,2021-08-01 22:53:54,overcast clouds
86,Hamilton,US,39.1834,-84.5333,80.55,60,20,3.0,2021-08-01 22:50:43,haze
87,Manaure,CO,11.7751,-72.4445,87.46,60,7,23.42,2021-08-01 22:53:55,clear sky
88,Bongandanga,CD,1.5,21.05,71.04,85,100,2.57,2021-08-01 22:53:55,overcast clouds
89,Butaritari,KI,3.0707,172.7902,83.08,68,9,10.07,2021-08-01 22:53:56,clear sky
90,Hasaki,JP,35.7333,140.8333,82.8,82,11,6.49,2021-08-01 22:53:56,few clouds
91,Srivardhan,IN,18.0333,73.0167,79.88,84,100,17.02,2021-08-01 22:53:57,overcast clouds
92,Yeppoon,AU,-23.1333,150.7333,64.18,72,0,5.37,2021-08-01 22:52:38,clear sky
93,Luderitz,NA,-26.6481,15.1594,64.96,37,0,6.02,2021-08-01 22:53:58,clear sky
94,Yellowknife,CA,62.456,-114.3525,88.32,28,20,3.44,2021-08-01 22:53:58,few clouds
95,Qaanaaq,GL,77.484,-69.3632,42.37,84,86,1.34,2021-08-01 22:53:58,overcast clouds
96,Arraial Do Cabo,BR,-22.9661,-42.0278,64.26,77,0,9.22,2021-08-01 22:53:59,clear sky
97,Blackwater,AU,-23.5833,148.8833,68.5,65,0,8.61,2021-08-01 22:53:59,clear sky
98,Auki,SB,-8.7676,160.7034,82.45,70,93,7.85,2021-08-01 22:54:00,overcast clouds
99,Moose Factory,CA,51.2585,-80.6094,60.8,77,40,10.36,2021-08-01 22:54:01,scattered clouds
100,Souillac,MU,-20.5167,57.5167,66.58,94,75,8.05,2021-08-01 22:54:01,light intensity shower rain
101,Tuktoyaktuk,CA,69.4541,-133.0374,69.8,73,75,10.36,2021-08-01 22:54:01,broken clouds
102,Jacareacanga,BR,-6.2222,-57.7528,83.14,36,32,2.24,2021-08-01 22:54:02,scattered clouds
103,Nishihara,JP,26.1842,127.7558,82.06,94,90,13.8,2021-08-01 22:54:02,overcast clouds
104,Gamboma,CG,-1.8764,15.8644,79.0,52,82,2.06,2021-08-01 22:54:03,light rain
105,Soyo,AO,-6.1349,12.3689,71.96,87,44,5.86,2021-08-01 22:54:03,scattered clouds
106,Havre-Saint-Pierre,CA,50.2334,-63.5986,59.36,82,75,13.8,2021-08-01 22:54:04,broken clouds
107,Aksu,CN,41.1231,80.2644,74.52,18,58,6.13,2021-08-01 22:53:57,broken clouds
108,Touros,BR,-5.1989,-35.4608,79.7,73,5,18.84,2021-08-01 22:52:21,clear sky
109,Prince Rupert,CA,54.3161,-130.3201,62.69,87,40,6.91,2021-08-01 22:54:05,scattered clouds
110,Lamont,US,35.2597,-118.9143,107.83,21,0,9.37,2021-08-01 22:54:05,clear sky
111,Rocha,UY,-34.4833,-54.3333,45.25,94,2,3.67,2021-08-01 22:54:06,clear sky
112,Shingu,JP,33.7333,135.9833,83.39,77,68,3.94,2021-08-01 22:54:06,broken clouds
113,Buala,SB,-8.145,159.5921,78.55,87,98,7.45,2021-08-01 22:54:06,moderate rain
114,Coquimbo,CL,-29.9533,-71.3436,55.13,94,75,8.05,2021-08-01 22:53:16,broken clouds
115,Shimoda,JP,34.6667,138.95,84.11,71,4,4.12,2021-08-01 22:54:07,clear sky
116,Kodiak,US,57.79,-152.4072,57.54,90,94,6.4,2021-08-01 22:54:08,overcast clouds
117,Tolaga Bay,NZ,-38.3667,178.3,56.16,64,37,8.7,2021-08-01 22:50:08,scattered clouds
118,Fushun,CN,41.8558,123.9233,74.75,90,100,2.95,2021-08-01 22:54:08,light rain
119,Clyde River,CA,70.4692,-68.5914,44.83,81,75,18.41,2021-08-01 22:54:09,broken clouds
120,Pevek,RU,69.7008,170.3133,33.73,95,100,16.2,2021-08-01 22:54:09,overcast clouds
121,Honiara,SB,-9.4333,159.95,81.97,73,40,3.65,2021-08-01 22:54:10,scattered clouds
122,Ostrovnoy,RU,68.0531,39.5131,48.74,89,26,8.61,2021-08-01 22:54:10,scattered clouds
123,Kavieng,PG,-2.5744,150.7967,83.28,74,4,8.88,2021-08-01 22:52:30,clear sky
124,Saint George,US,37.1041,-113.5841,98.64,27,1,1.99,2021-08-01 22:52:32,clear sky
125,Alcaniz,ES,41.05,-0.1333,66.43,44,59,2.37,2021-08-01 22:54:11,broken clouds
126,Ribeira Grande,PT,38.5167,-28.7,73.18,94,63,13.49,2021-08-01 22:54:12,broken clouds
127,Cidreira,BR,-30.1811,-50.2056,56.86,93,90,8.03,2021-08-01 22:54:12,overcast clouds
128,Miri,MY,4.4148,114.0089,73.54,100,40,9.22,2021-08-01 22:54:13,light rain
129,Olafsvik,IS,64.8945,-23.7142,53.78,92,100,2.39,2021-08-01 22:53:27,overcast clouds
130,Kahului,US,20.8947,-156.47,85.26,70,12,14.88,2021-08-01 22:54:13,few clouds
131,Filadelfia,US,39.9523,-75.1638,75.56,76,90,3.0,2021-08-01 22:52:58,overcast clouds
132,Dingle,PH,10.9995,122.6711,80.51,84,100,10.02,2021-08-01 22:49:28,overcast clouds
133,Hithadhoo,MV,-0.6,73.0833,81.34,71,92,7.78,2021-08-01 22:54:14,overcast clouds
134,Chapais,CA,49.7834,-74.8492,60.58,69,98,6.76,2021-08-01 22:54:15,overcast clouds
135,Deputatskiy,RU,69.3,139.9,45.86,65,8,5.7,2021-08-01 22:53:29,clear sky
136,Urumqi,CN,43.801,87.6005,65.35,45,0,8.95,2021-08-01 22:54:15,clear sky
137,Puerto Ayora,EC,-0.7393,-90.3518,78.76,90,53,4.0,2021-08-01 22:54:16,broken clouds
138,Castro,BR,-24.7911,-50.0119,47.48,88,69,2.57,2021-08-01 22:54:16,broken clouds
139,Hilo,US,19.7297,-155.09,79.79,77,74,4.0,2021-08-01 22:54:17,light rain
140,Sorland,NO,67.667,12.6934,49.28,72,84,12.95,2021-08-01 22:54:17,broken clouds
141,Ishigaki,JP,24.3448,124.1572,80.73,94,75,2.3,2021-08-01 22:54:17,broken clouds
142,Vanavara,RU,60.34,102.2797,59.18,61,41,4.21,2021-08-01 22:54:18,scattered clouds
143,Codrington,AU,-38.2667,141.9667,46.09,81,0,16.78,2021-08-01 22:51:55,clear sky
144,Sioni,GE,41.9895,45.0239,64.76,94,77,2.68,2021-08-01 22:54:18,broken clouds
145,Kysyl-Syr,RU,63.8986,122.7617,70.97,54,95,5.86,2021-08-01 22:54:19,overcast clouds
146,Kruisfontein,ZA,-34.0033,24.7314,55.89,77,86,15.12,2021-08-01 22:54:19,overcast clouds
147,Iqaluit,CA,63.7506,-68.5145,52.7,76,90,1.99,2021-08-01 22:52:29,light rain
148,Acapulco,MX,16.8634,-99.8901,86.65,71,83,9.78,2021-08-01 22:54:20,broken clouds
149,Cairns,AU,-16.9167,145.7667,73.35,80,57,8.05,2021-08-01 22:54:21,broken clouds
150,Calbuco,CL,-41.768,-73.1273,47.41,71,28,1.9,2021-08-01 22:54:21,scattered clouds
151,Smithers,CA,54.7804,-127.1743,82.72,42,40,5.75,2021-08-01 22:49:43,scattered clouds
152,Ardakan,IR,32.31,54.0175,86.38,14,37,6.49,2021-08-01 22:52:40,scattered clouds
153,Qeshm,IR,26.9581,56.2719,93.07,75,24,7.11,2021-08-01 22:54:22,few clouds
154,East London,ZA,-33.0153,27.9116,62.44,63,31,19.48,2021-08-01 22:54:23,scattered clouds
155,Vostok,RU,46.4856,135.8833,73.54,65,39,2.37,2021-08-01 22:54:23,scattered clouds
156,Honningsvag,NO,70.9821,25.9704,45.12,81,100,16.37,2021-08-01 22:54:23,overcast clouds
157,Saint-Joseph,RE,-21.3667,55.6167,64.78,75,37,8.3,2021-08-01 22:50:12,scattered clouds
158,Chokurdakh,RU,70.6333,147.9167,42.28,63,39,8.32,2021-08-01 22:54:24,scattered clouds
159,Colomi,BO,-17.35,-65.8667,46.42,87,97,2.57,2021-08-01 22:54:25,overcast clouds
160,Asyut,EG,27.181,31.1837,89.78,16,4,4.27,2021-08-01 22:54:25,clear sky
161,Dwarka,IN,22.2394,68.9678,81.18,83,100,22.59,2021-08-01 22:54:25,overcast clouds
162,Dunedin,NZ,-45.8742,170.5036,49.8,78,98,18.01,2021-08-01 22:54:26,overcast clouds
163,Wanganui,NZ,-39.9333,175.05,55.74,78,83,4.0,2021-08-01 22:54:26,broken clouds
164,Los Llanos De Aridane,ES,28.6585,-17.9182,69.12,68,75,20.71,2021-08-01 22:54:27,broken clouds
165,Faya,SA,18.3851,42.4509,66.31,68,98,3.62,2021-08-01 22:54:27,overcast clouds
166,Ilulissat,GL,69.2167,-51.1,50.65,60,1,9.33,2021-08-01 22:54:28,clear sky
167,Yerbogachen,RU,61.2767,108.0108,62.26,62,100,5.64,2021-08-01 22:54:28,overcast clouds
168,Fioletovo,AM,40.7224,44.7177,58.3,92,84,1.54,2021-08-01 22:54:29,broken clouds
169,Keuruu,FI,62.2667,24.7,60.98,97,49,3.2,2021-08-01 22:54:29,scattered clouds
170,Berlevag,NO,70.8578,29.0864,45.88,94,100,18.7,2021-08-01 22:54:29,light rain
171,Naze,JP,28.3667,129.4833,81.52,86,91,13.87,2021-08-01 22:54:30,overcast clouds
172,Cayenne,GF,4.9333,-52.3333,83.08,78,0,1.99,2021-08-01 22:54:31,clear sky
173,Ahipara,NZ,-35.1667,173.1667,56.97,73,69,9.6,2021-08-01 22:52:43,broken clouds
174,Thompson,CA,55.7435,-97.8558,84.36,30,20,4.61,2021-08-01 22:54:31,smoke
175,Uvira,CD,-3.4067,29.1458,74.03,67,66,1.41,2021-08-01 22:54:32,broken clouds
176,Nelson Bay,AU,-32.7167,152.15,57.76,80,87,9.55,2021-08-01 22:54:32,overcast clouds
177,Hobyo,SO,5.3505,48.5268,77.14,79,7,22.48,2021-08-01 22:54:33,clear sky
178,Maniitsoq,GL,65.4167,-52.9,47.21,80,15,5.93,2021-08-01 22:54:33,few clouds
179,Mahanje,TZ,-9.9333,35.3333,60.78,58,78,1.34,2021-08-01 22:54:33,broken clouds
180,Lufilufi,WS,-13.8745,-171.5986,80.38,82,92,22.48,2021-08-01 22:54:34,light rain
181,Leon,MX,21.1167,-101.6667,82.15,50,49,8.37,2021-08-01 22:54:16,scattered clouds
182,Doume,CM,4.2333,13.45,68.2,98,99,2.26,2021-08-01 22:54:35,light rain
183,Yulara,AU,-25.2406,130.9889,48.04,53,0,5.75,2021-08-01 22:54:35,clear sky
184,Narsaq,GL,60.9167,-46.05,50.74,77,100,4.72,2021-08-01 22:54:35,light rain
185,Saint Anthony,US,45.0205,-93.218,80.82,38,6,5.01,2021-08-01 22:54:36,clear sky
186,Skjervoy,NO,70.0311,20.9714,47.79,70,75,5.3,2021-08-01 22:51:26,broken clouds
187,Te Anau,NZ,-45.4167,167.7167,45.88,89,99,1.61,2021-08-01 22:50:06,light rain
188,Noyabrsk,RU,63.1994,75.4507,57.6,68,100,10.45,2021-08-01 22:54:37,overcast clouds
189,Wewak,PG,-3.5534,143.6268,79.54,84,19,6.17,2021-08-01 22:54:38,few clouds
190,Fortuna,US,40.5982,-124.1573,70.93,70,40,3.0,2021-08-01 22:54:38,scattered clouds
191,Harper,LR,4.375,-7.7169,76.55,77,87,6.26,2021-08-01 22:54:38,overcast clouds
192,Umm Lajj,SA,25.0213,37.2685,86.9,48,5,4.29,2021-08-01 22:54:39,clear sky
193,Marzuq,YE,14.4,46.4667,81.79,52,97,4.29,2021-08-01 22:54:39,overcast clouds
194,Provideniya,RU,64.3833,-173.3,42.91,75,90,15.66,2021-08-01 22:51:39,overcast clouds
195,Inirida,CO,3.8653,-67.9239,72.57,97,58,2.66,2021-08-01 22:54:40,broken clouds
196,Flinders,AU,-34.5833,150.8552,51.8,92,7,3.13,2021-08-01 22:54:40,clear sky
197,Kaeo,NZ,-35.1,173.7833,63.32,78,36,10.09,2021-08-01 22:54:41,scattered clouds
198,Liverpool,GB,53.4106,-2.9779,60.3,73,90,5.75,2021-08-01 22:49:59,overcast clouds
199,Rawson,AR,-43.3002,-65.1023,57.96,36,24,9.98,2021-08-01 22:53:02,few clouds
200,Sabratah,LY,32.7933,12.4885,91.83,28,1,9.95,2021-08-01 22:54:42,clear sky
201,Port Alfred,ZA,-33.5906,26.891,61.25,82,46,25.37,2021-08-01 22:54:42,scattered clouds
202,Hofn,IS,64.2539,-15.2082,53.65,95,99,3.27,2021-08-01 22:54:43,overcast clouds
203,Pringsewu,ID,-5.3582,104.9744,72.0,97,41,1.01,2021-08-01 22:54:43,scattered clouds
204,Sinjar,IQ,36.3209,41.8754,90.91,16,17,5.61,2021-08-01 22:54:44,few clouds
205,Sao Domingos,BR,-13.3983,-46.3183,71.44,43,33,7.94,2021-08-01 22:54:44,scattered clouds
206,Saskylakh,RU,71.9167,114.0833,74.61,42,0,3.47,2021-08-01 22:54:45,clear sky
207,Tahta,EG,26.7693,31.5021,89.71,18,38,4.94,2021-08-01 22:54:45,scattered clouds
208,Cabo San Lucas,MX,22.8909,-109.9124,98.51,70,57,3.0,2021-08-01 22:50:07,broken clouds
209,Zonguldak,TR,41.25,31.8333,60.78,66,0,4.65,2021-08-01 22:54:46,clear sky
210,Pacific Grove,US,36.6177,-121.9166,85.15,71,32,1.99,2021-08-01 22:54:46,scattered clouds
211,Lilongwe,MW,-13.9669,33.7873,59.47,64,45,3.87,2021-08-01 22:52:59,scattered clouds
212,Vila Franca Do Campo,PT,37.7167,-25.4333,73.81,95,89,8.72,2021-08-01 22:54:47,overcast clouds
213,Poya,NC,-21.35,165.15,70.83,47,11,6.89,2021-08-01 22:54:47,few clouds
214,Parainen,FI,60.3067,22.301,64.15,73,72,11.65,2021-08-01 22:54:48,broken clouds
215,Plettenberg Bay,ZA,-34.0527,23.3716,59.25,78,78,8.75,2021-08-01 22:54:48,light rain
216,Petropavlovsk-Kamchatskiy,RU,53.0452,158.6483,61.39,72,0,8.95,2021-08-01 22:54:49,clear sky
217,Norman Wells,CA,65.282,-126.8329,87.84,23,40,4.61,2021-08-01 22:54:49,smoke
218,Haines Junction,CA,60.7522,-137.5108,80.55,32,16,6.91,2021-08-01 22:54:50,few clouds
219,Sabang,ID,5.8933,95.3214,82.38,72,100,26.22,2021-08-01 22:54:50,overcast clouds
220,Vardo,NO,70.3705,31.1107,51.03,97,100,6.26,2021-08-01 22:54:51,overcast clouds
221,Sitio Novo Do Tocantins,BR,-5.5183,-47.4611,85.93,51,20,4.61,2021-08-01 22:54:51,few clouds
222,Georgetown,MY,5.4112,100.3354,75.88,92,20,0.0,2021-08-01 22:54:51,few clouds
223,Solwezi,ZM,-12.1688,26.3894,55.67,60,32,3.67,2021-08-01 22:54:52,scattered clouds
224,Wenzhou,CN,27.9994,120.6668,79.03,92,100,3.02,2021-08-01 22:52:41,overcast clouds
225,Male,MV,4.1748,73.5089,80.55,83,75,5.75,2021-08-01 22:54:52,broken clouds
226,Saint-Leu,RE,-21.15,55.2833,65.26,66,19,2.91,2021-08-01 22:54:53,few clouds
227,Sanawad,IN,22.1833,76.0667,75.2,91,100,14.43,2021-08-01 22:54:53,overcast clouds
228,Mandurah,AU,-32.55,115.7,41.25,69,98,6.35,2021-08-01 22:54:54,overcast clouds
229,Upernavik,GL,72.7868,-56.1549,42.69,80,20,11.59,2021-08-01 22:54:54,few clouds
230,Vao,NC,-22.6667,167.4833,66.79,55,50,9.37,2021-08-01 22:54:55,scattered clouds
231,Mar Del Plata,AR,-38.0023,-57.5575,44.13,31,90,1.01,2021-08-01 22:54:55,fog
232,Bhitarwar,IN,25.8,78.1167,77.27,95,100,13.98,2021-08-01 22:54:55,heavy intensity rain
233,Alofi,NU,-19.0595,-169.9187,80.49,61,68,19.57,2021-08-01 22:54:56,broken clouds
234,Rorvik,NO,64.8621,11.2373,52.09,66,86,14.09,2021-08-01 22:54:57,overcast clouds
235,Tiksi,RU,71.6872,128.8694,49.05,68,18,4.61,2021-08-01 22:54:57,few clouds
236,Taltal,CL,-25.4,-70.4833,60.35,72,22,2.1,2021-08-01 22:54:58,few clouds
237,Northam,GB,51.0333,-4.2167,58.39,90,9,6.31,2021-08-01 22:54:58,clear sky
238,Forestville,US,38.8451,-76.875,81.55,81,40,5.75,2021-08-01 22:54:58,scattered clouds
239,Leh,IN,34.1667,77.5833,61.79,53,53,7.27,2021-08-01 22:54:59,broken clouds
240,Hammerfest,NO,70.6634,23.6821,45.05,81,75,3.44,2021-08-01 22:54:59,broken clouds
241,Kapit,MY,2.0167,112.9333,73.67,99,92,2.13,2021-08-01 22:55:00,overcast clouds
242,Mahebourg,MU,-20.4081,57.7,66.49,94,75,8.05,2021-08-01 22:52:41,light intensity shower rain
243,Matagami,CA,49.7502,-77.6328,62.71,59,40,10.36,2021-08-01 22:55:01,scattered clouds
244,Hakkari,TR,37.5833,44.1667,58.71,78,53,5.19,2021-08-01 22:55:01,broken clouds
245,Karang Tengah,ID,-7.5787,111.8642,73.33,87,10,8.21,2021-08-01 22:55:02,clear sky
246,Jiangyou,CN,31.7667,104.7167,75.81,83,0,4.61,2021-08-01 22:55:02,clear sky
247,Chuy,UY,-33.6971,-53.4616,49.6,93,25,5.5,2021-08-01 22:51:09,scattered clouds
248,Zavodouspenskoye,RU,56.8626,65.0155,62.82,96,1,6.93,2021-08-01 22:55:03,clear sky
249,Airai,TL,-8.9266,125.4092,61.36,74,21,3.74,2021-08-01 22:55:03,few clouds
250,Babusnica,RS,43.0597,22.4117,77.59,62,1,4.05,2021-08-01 22:55:04,clear sky
251,Aklavik,CA,68.2191,-135.0107,84.92,39,99,15.5,2021-08-01 22:55:05,overcast clouds
252,Abu Samrah,SY,35.3029,37.1841,79.07,44,0,7.85,2021-08-01 22:55:05,clear sky
253,Salym,RU,60.0625,71.4789,59.9,99,100,0.89,2021-08-01 22:55:05,overcast clouds
254,Lagoa,PT,39.05,-27.9833,71.85,95,37,15.39,2021-08-01 22:55:06,scattered clouds
255,Kabo,CF,7.6994,18.629,69.57,98,99,3.62,2021-08-01 22:55:06,overcast clouds
256,Nome,US,64.5011,-165.4064,54.16,94,90,12.66,2021-08-01 22:55:07,moderate rain
257,Vershino-Darasunskiy,RU,52.35,115.5167,55.67,72,49,2.75,2021-08-01 22:55:07,scattered clouds
258,Zheleznodorozhnyy,RU,55.7503,38.0042,68.41,88,96,3.62,2021-08-01 22:55:08,overcast clouds
259,Goderich,CA,43.7501,-81.7165,66.9,72,73,16.11,2021-08-01 22:55:08,broken clouds
260,Muskegon,US,43.3,-86.1334,75.06,59,40,12.66,2021-08-01 22:52:49,scattered clouds
261,Araguacu,BR,-12.9306,-49.8264,83.44,30,41,4.38,2021-08-01 22:55:09,scattered clouds
262,Daru,PG,-9.0763,143.2092,78.44,71,17,13.73,2021-08-01 22:55:09,few clouds
263,Dawson Creek,CA,55.7666,-120.2362,79.95,61,20,0.0,2021-08-01 22:55:10,few clouds
264,Kilindoni,TZ,-7.9139,39.6668,75.63,76,12,16.75,2021-08-01 22:55:11,few clouds
265,Luena,AO,-11.7833,19.9167,55.98,45,0,4.47,2021-08-01 22:55:11,clear sky
266,Mudgee,AU,-32.5943,149.5871,46.62,93,9,6.91,2021-08-01 22:54:58,clear sky
267,Victoria,HK,22.2855,114.1577,85.32,88,94,1.99,2021-08-01 22:51:37,overcast clouds
268,Henties Bay,NA,-22.116,14.2845,71.85,44,0,3.11,2021-08-01 22:55:12,clear sky
269,Tambopata,PE,-12.7333,-69.1833,76.89,61,0,3.44,2021-08-01 22:55:12,clear sky
270,Araouane,ML,18.9048,-3.5265,95.32,33,2,9.82,2021-08-01 22:55:13,clear sky
271,Terrace Bay,CA,48.7834,-87.1,64.02,74,85,2.68,2021-08-01 22:55:13,overcast clouds
272,Sistranda,NO,63.7256,8.834,50.9,69,100,12.15,2021-08-01 22:55:14,light rain
273,Bathsheba,BB,13.2167,-59.5167,83.01,74,20,11.5,2021-08-01 22:55:14,few clouds
274,Yongan,CN,39.6957,113.6871,61.81,77,20,1.5,2021-08-01 22:55:14,few clouds
275,Weiser,US,44.251,-116.9693,83.61,79,100,3.02,2021-08-01 22:55:15,overcast clouds
276,Jalu,LY,29.0331,21.5482,85.87,26,3,10.76,2021-08-01 22:55:16,clear sky
277,Keetmanshoop,NA,-26.5833,18.1333,54.52,32,0,8.05,2021-08-01 22:55:16,clear sky
278,Byron Bay,AU,-28.65,153.6167,73.06,83,56,11.7,2021-08-01 22:53:58,broken clouds
279,Santa Isabel Do Rio Negro,BR,-0.4139,-65.0192,75.63,71,98,1.54,2021-08-01 22:55:17,overcast clouds
280,Mayumba,GA,-3.432,10.6554,73.81,85,97,7.58,2021-08-01 22:55:17,overcast clouds
281,Meulaboh,ID,4.1363,96.1285,74.62,89,100,5.08,2021-08-01 22:55:14,overcast clouds
282,Chabahar,IR,25.2919,60.643,82.99,84,46,5.06,2021-08-01 22:55:18,scattered clouds
283,Bisho,ZA,-32.8472,27.4422,54.01,60,19,11.68,2021-08-01 22:55:18,few clouds
284,Fort Nelson,CA,58.8053,-122.7002,89.19,40,1,3.44,2021-08-01 22:55:19,smoke
285,Griffith,US,41.5284,-87.4237,76.12,64,1,3.0,2021-08-01 22:55:19,clear sky
286,Moron,AR,-34.6534,-58.6198,53.98,77,0,3.31,2021-08-01 22:55:20,clear sky
287,Puma,TZ,-5.0,34.7333,58.28,65,30,11.1,2021-08-01 22:55:20,scattered clouds
288,Nambucca Heads,AU,-30.65,153.0,65.17,81,97,6.35,2021-08-01 22:55:20,overcast clouds
289,Biak,ID,-0.9131,122.8766,76.53,81,26,6.53,2021-08-01 22:55:21,scattered clouds
290,Lorengau,PG,-2.0226,147.2712,85.41,71,29,11.27,2021-08-01 22:55:21,scattered clouds
291,Alice Springs,AU,-23.7,133.8833,56.75,58,40,9.22,2021-08-01 22:52:25,scattered clouds
292,Kandrian,PG,-6.2167,149.55,79.79,80,85,10.54,2021-08-01 22:55:22,light rain
293,Taoudenni,ML,22.6783,-3.9836,99.52,26,89,16.73,2021-08-01 22:55:22,overcast clouds
294,Lishu,CN,43.3047,124.3278,68.23,95,100,9.86,2021-08-01 22:55:23,light rain
295,Gat,IL,31.61,34.7642,83.39,55,0,2.1,2021-08-01 22:55:23,clear sky
296,Te Horo,NZ,-40.8084,175.1233,55.09,83,60,5.01,2021-08-01 22:55:23,broken clouds
297,Tabou,CI,4.423,-7.3528,76.6,79,90,6.31,2021-08-01 22:55:24,overcast clouds
298,Namatanai,PG,-3.6667,152.4333,82.49,74,14,5.77,2021-08-01 22:55:24,few clouds
299,Itarema,BR,-2.9248,-39.9167,79.0,73,84,14.14,2021-08-01 22:55:25,broken clouds
300,Marovoay,MG,-16.1,46.6333,69.94,70,14,2.8,2021-08-01 22:55:25,few clouds
301,Militello In Val Di Catania,IT,37.2748,14.7934,85.21,35,1,5.68,2021-08-01 22:55:26,clear sky
302,Laguna,US,38.421,-121.4238,107.13,28,1,5.01,2021-08-01 22:55:26,clear sky
303,Khandyga,RU,62.6667,135.6,71.64,37,0,6.42,2021-08-01 22:55:26,clear sky
304,Medea,DZ,36.2642,2.7539,64.85,72,98,2.46,2021-08-01 22:55:27,overcast clouds
305,Lososina,RU,48.9975,140.3106,61.29,83,99,2.04,2021-08-01 22:55:27,overcast clouds
306,Melfi,IT,40.9965,15.6514,82.22,49,1,6.82,2021-08-01 22:55:28,clear sky
307,Kailua,US,21.4022,-157.7394,89.58,59,40,17.27,2021-08-01 22:52:53,scattered clouds
308,Bilma,NE,18.6853,12.9164,94.46,10,1,5.99,2021-08-01 22:55:28,clear sky
309,Morondava,MG,-20.2833,44.2833,67.62,80,5,3.27,2021-08-01 22:55:29,clear sky
310,Oro Valley,US,32.3909,-110.9665,100.36,34,94,5.01,2021-08-01 22:55:29,overcast clouds
311,Suntar,RU,62.1444,117.6319,67.21,48,100,7.65,2021-08-01 22:55:30,overcast clouds
312,Praya,CV,14.9215,-23.5087,77.54,73,40,4.61,2021-08-01 22:52:11,scattered clouds
313,Batagay,RU,67.6333,134.6333,62.96,42,0,1.14,2021-08-01 22:55:31,clear sky
314,Iranshahr,IR,27.2025,60.6848,92.43,43,11,4.43,2021-08-01 22:55:31,few clouds
315,Itoman,JP,26.1247,127.6694,82.78,92,75,19.57,2021-08-01 22:55:32,broken clouds
316,Korla,CN,41.7597,86.1469,74.71,18,100,6.2,2021-08-01 22:55:32,overcast clouds
317,Camocim,BR,-2.9022,-40.8411,78.24,74,97,11.56,2021-08-01 22:55:33,overcast clouds
318,Springbok,ZA,-29.6643,17.8865,53.67,28,12,4.14,2021-08-01 22:55:33,few clouds
319,Shalinskoye,RU,55.7228,93.7594,52.34,92,44,4.38,2021-08-01 22:55:34,scattered clouds
320,Leningradskiy,RU,69.3833,178.4167,34.86,97,100,18.45,2021-08-01 22:55:34,light rain
321,Caconda,AO,-13.7333,15.0667,57.43,33,21,2.28,2021-08-01 22:55:34,few clouds
322,Wilmington,US,34.2257,-77.9447,82.85,87,75,9.22,2021-08-01 22:55:35,thunderstorm with light rain
323,Lazaro Cardenas,MX,17.9583,-102.2,86.09,72,8,10.56,2021-08-01 22:55:35,clear sky
324,Mayo,US,38.8876,-76.5119,81.64,90,75,3.0,2021-08-01 22:55:36,broken clouds
325,Polewali,ID,-3.4324,119.3435,76.59,88,99,2.21,2021-08-01 22:55:36,overcast clouds
326,Manuk Mangkaw,PH,4.8,119.85,84.54,70,96,11.61,2021-08-01 22:55:37,overcast clouds
327,Pyaozerskiy,RU,65.8333,31.1667,55.36,94,99,5.01,2021-08-01 22:55:37,overcast clouds
328,Svetlogorsk,BY,52.6333,29.7333,67.39,84,79,6.24,2021-08-01 22:55:37,broken clouds
329,Manoel Urbano,BR,-8.8389,-69.2597,73.6,47,21,3.13,2021-08-01 22:55:38,few clouds
330,Nioro,GM,13.35,-15.75,75.88,92,54,7.65,2021-08-01 22:55:38,broken clouds
331,Jasper,US,37.2001,-94.3502,84.02,62,20,1.99,2021-08-01 22:55:36,few clouds
332,Treinta Y Tres,UY,-33.2333,-54.3833,47.62,86,0,5.48,2021-08-01 22:55:39,clear sky
333,Ancud,CL,-41.8697,-73.8203,47.73,82,58,3.85,2021-08-01 22:52:12,broken clouds
334,Samarai,PG,-10.6167,150.6667,78.06,63,90,7.94,2021-08-01 22:55:40,overcast clouds
335,Portland,US,45.5234,-122.6762,97.95,38,20,1.01,2021-08-01 22:51:35,few clouds
336,Seoul,KR,37.5683,126.9778,78.4,89,90,3.44,2021-08-01 22:53:11,light rain
337,Novyy Urengoy,RU,66.0833,76.6333,58.01,61,100,12.39,2021-08-01 22:55:41,overcast clouds
338,Sitka,US,57.0531,-135.33,63.52,79,99,3.29,2021-08-01 22:55:41,overcast clouds
339,Cherskiy,RU,68.75,161.3,39.51,73,96,19.64,2021-08-01 22:55:41,overcast clouds
340,Benemerito De Las Americas,MX,16.5167,-90.6439,81.05,84,99,2.44,2021-08-01 22:55:42,overcast clouds
341,Erzurum,TR,40.0,41.5,58.68,73,100,3.4,2021-08-01 22:55:42,overcast clouds
342,Jaque,PA,7.5175,-78.1703,81.05,86,100,6.53,2021-08-01 22:55:43,light rain
343,Sholokhovskiy,RU,48.2807,41.0459,72.77,53,5,6.71,2021-08-01 22:55:43,clear sky
344,Yar-Sale,RU,66.8333,70.8333,54.81,97,100,16.06,2021-08-01 22:52:21,light rain
345,Estreito,BR,-5.7833,-43.25,86.16,30,99,8.66,2021-08-01 22:55:44,overcast clouds
346,Takab,IR,36.4009,47.1133,65.23,59,40,5.08,2021-08-01 22:55:44,scattered clouds
347,North Bend,US,43.4065,-124.2243,80.24,86,1,20.71,2021-08-01 22:55:45,clear sky
348,Dire,ML,12.2833,-10.9667,72.99,95,90,1.59,2021-08-01 22:55:45,overcast clouds
349,San Andres,CO,12.5847,-81.7006,84.22,79,75,17.27,2021-08-01 22:55:46,broken clouds
350,Davila,PH,18.4726,120.5763,80.58,88,100,24.65,2021-08-01 22:55:46,overcast clouds
351,Aykhal,RU,66.0,111.5,71.15,37,59,5.41,2021-08-01 22:55:46,broken clouds
352,Bandarbeyla,SO,9.4942,50.8122,82.27,62,11,24.83,2021-08-01 22:52:19,few clouds
353,Vite,IN,17.2833,74.55,70.9,87,100,19.35,2021-08-01 22:55:47,overcast clouds
354,Almas,RO,46.2833,22.2333,72.59,53,68,4.68,2021-08-01 22:55:47,moderate rain
355,Randazzo,IT,37.8774,14.9501,81.61,37,4,2.3,2021-08-01 22:55:48,clear sky
356,Namibe,AO,-15.1961,12.1522,68.94,83,66,1.72,2021-08-01 22:52:01,broken clouds
357,Reconquista,AR,-29.15,-59.65,55.74,52,0,5.35,2021-08-01 22:55:48,clear sky
358,Dubbo,AU,-32.25,148.6167,44.73,87,0,8.05,2021-08-01 22:53:11,clear sky
359,General Roca,AR,-39.0333,-67.5833,55.8,43,2,7.36,2021-08-01 22:55:49,clear sky
360,Port Hardy,CA,50.6996,-127.4199,64.58,77,20,13.8,2021-08-01 22:55:50,few clouds
361,Pasni,PK,25.2631,63.471,81.21,88,94,13.02,2021-08-01 22:55:50,overcast clouds
362,Nouadhibou,MR,20.931,-17.0347,75.18,73,0,14.97,2021-08-01 22:55:50,clear sky
363,Belmonte,BR,-15.8631,-38.8828,66.7,68,91,14.7,2021-08-01 22:52:12,overcast clouds
364,Tual,ID,-5.6667,132.75,81.3,78,47,11.45,2021-08-01 22:55:51,scattered clouds
365,El Angel,EC,0.6167,-77.9333,43.97,81,68,7.56,2021-08-01 22:55:52,broken clouds
366,Kopong,BW,-24.4833,25.8833,54.93,27,0,5.44,2021-08-01 22:55:52,clear sky
367,Umm Kaddadah,SD,13.6017,26.6876,81.73,61,16,19.69,2021-08-01 22:55:53,few clouds
368,Ayagoz,KZ,47.9714,80.4392,62.22,40,0,3.18,2021-08-01 22:55:53,clear sky
369,Zhigansk,RU,66.7697,123.3711,67.1,59,40,15.64,2021-08-01 22:55:53,scattered clouds
370,Westport,US,41.1415,-73.3579,74.98,62,53,1.99,2021-08-01 22:55:54,broken clouds
371,Mount Pleasant,US,32.7941,-79.8626,91.62,78,75,1.99,2021-08-01 22:55:30,broken clouds
372,Krasnovishersk,RU,60.4078,57.082,51.28,97,1,0.92,2021-08-01 22:55:55,clear sky
373,Asau,RO,46.4333,26.4,73.76,86,5,5.59,2021-08-01 22:55:55,light rain
374,Jiwani,PK,25.05,61.7417,81.66,87,99,13.02,2021-08-01 22:55:56,overcast clouds
375,Talnakh,RU,69.4865,88.3972,56.53,87,100,4.45,2021-08-01 22:55:29,overcast clouds
376,Tevaitoa,PF,-16.7833,-151.5,77.09,69,32,14.63,2021-08-01 22:55:56,scattered clouds
377,Sambava,MG,-14.2667,50.1667,68.41,87,96,8.3,2021-08-01 22:55:57,overcast clouds
378,Monterey,US,36.2505,-121.2516,92.05,7,0,11.68,2021-08-01 22:55:58,clear sky
379,Moussoro,TD,13.6408,16.4901,81.63,68,99,9.66,2021-08-01 22:55:58,overcast clouds
380,Nanchital,MX,18.0667,-94.4,86.02,84,75,11.5,2021-08-01 22:55:59,broken clouds
381,Grand Baie,MU,-20.0182,57.5802,66.67,84,16,1.99,2021-08-01 22:55:59,moderate rain
382,Piopio,NZ,-38.4667,175.0167,51.44,66,14,0.63,2021-08-01 22:56:00,few clouds
383,Ozernovskiy,RU,51.5,156.5167,54.39,80,0,8.16,2021-08-01 22:56:00,clear sky
384,Ugoofaaru,MV,5.6667,73.0,82.35,77,98,12.26,2021-08-01 22:56:00,overcast clouds
385,Grand-Lahou,CI,5.1367,-5.0242,74.86,92,5,5.86,2021-08-01 22:56:01,clear sky
386,Pangai,TO,-19.8,-174.35,75.31,69,40,13.8,2021-08-01 22:56:01,scattered clouds
387,Bengkulu,ID,-3.8004,102.2655,73.58,90,95,4.07,2021-08-01 22:56:02,overcast clouds
388,Whyalla,AU,-33.0333,137.5833,49.89,66,0,11.5,2021-08-01 22:56:02,clear sky
389,Divnogorsk,RU,55.9594,92.3619,54.09,92,35,3.51,2021-08-01 22:56:03,scattered clouds
390,Esmeraldas,BR,-19.7625,-44.3139,60.04,53,11,8.23,2021-08-01 22:56:03,few clouds
391,Xining,CN,36.6167,101.7667,58.91,67,27,2.75,2021-08-01 22:56:04,scattered clouds
392,Assiniboia,CA,49.6334,-105.9845,91.31,14,47,5.75,2021-08-01 22:56:05,scattered clouds
393,Palmas De Monte Alto,BR,-14.2672,-43.1619,72.63,35,88,9.8,2021-08-01 22:54:09,overcast clouds
394,Capao Da Canoa,BR,-29.7456,-50.0097,56.64,91,48,4.34,2021-08-01 22:56:06,scattered clouds
395,Mount Gambier,AU,-37.8333,140.7667,44.51,87,40,12.66,2021-08-01 22:56:06,scattered clouds
396,Pangnirtung,CA,66.1451,-65.7125,52.99,72,100,3.11,2021-08-01 22:53:39,overcast clouds
397,Tierralta,CO,8.1736,-76.0592,81.81,86,82,4.76,2021-08-01 22:56:07,broken clouds
398,Iberia,US,29.9502,-91.7507,91.98,70,1,8.05,2021-08-01 22:56:07,clear sky
399,Gamba,GA,-2.65,10.0,73.53,84,100,7.43,2021-08-01 22:54:17,overcast clouds
400,Buckeye,US,33.3703,-112.5838,108.3,26,91,6.91,2021-08-01 22:55:50,overcast clouds
401,Fairbanks,US,64.8378,-147.7164,79.02,50,75,3.44,2021-08-01 22:51:55,broken clouds
402,Egvekinot,RU,66.3167,-179.1667,43.16,62,61,1.45,2021-08-01 22:56:08,broken clouds
403,Hay River,CA,60.8156,-115.7999,82.38,39,75,6.91,2021-08-01 22:54:46,broken clouds
404,Nizhneangarsk,RU,55.7833,109.55,52.38,80,75,1.5,2021-08-01 22:56:09,broken clouds
405,Tanete,ID,-3.9443,119.7848,74.14,95,89,4.27,2021-08-01 22:56:09,overcast clouds
406,Pereleshino,RU,51.7376,40.1388,65.98,59,4,5.26,2021-08-01 22:56:10,clear sky
407,Sovetskaya Gavan,RU,48.9723,140.2878,61.16,83,99,2.21,2021-08-01 22:56:10,overcast clouds
408,Gwembe,ZM,-16.4975,27.6069,54.66,59,0,2.8,2021-08-01 22:56:11,clear sky
409,Tigil,RU,57.8,158.6667,46.8,97,100,5.59,2021-08-01 22:56:12,moderate rain
410,Ngunguru,NZ,-35.6167,174.5,63.16,79,32,9.19,2021-08-01 22:56:12,scattered clouds
411,Mao,ES,39.8885,4.2658,70.36,78,20,3.44,2021-08-01 22:56:13,few clouds
412,Milkovo,RU,54.7167,158.6167,61.14,52,40,1.9,2021-08-01 22:56:13,scattered clouds
413,Kuytun,RU,54.3419,101.5036,54.79,96,100,10.92,2021-08-01 22:51:49,light rain
414,Nanakuli,US,21.3906,-158.1547,82.35,58,4,19.82,2021-08-01 22:56:14,clear sky
415,Walvis Bay,NA,-22.9575,14.5053,72.55,17,0,18.41,2021-08-01 22:56:15,clear sky
416,Khash,IR,28.2211,61.2158,77.79,17,4,3.09,2021-08-01 22:56:15,clear sky
417,Emerald,AU,-23.5333,148.1667,73.98,70,0,5.75,2021-08-01 22:56:16,clear sky
418,Krasnyy Yar,RU,46.5331,48.3456,73.33,53,14,2.77,2021-08-01 22:56:16,few clouds
419,Shieli,KZ,44.1667,66.75,79.79,16,0,10.94,2021-08-01 22:56:16,clear sky
420,Iquique,CL,-20.2208,-70.1431,59.04,79,97,3.56,2021-08-01 22:56:17,overcast clouds
421,Mercedes,AR,-34.6515,-59.4307,52.86,69,0,4.5,2021-08-01 22:56:17,clear sky
422,San Jose,US,37.3394,-121.895,89.89,51,1,11.5,2021-08-01 22:53:07,clear sky
423,Baoning,CN,25.3378,110.026,78.66,94,0,2.24,2021-08-01 22:56:18,clear sky
424,Andapa,MG,-14.65,49.65,60.64,98,95,1.86,2021-08-01 22:56:18,overcast clouds
425,Palmer,US,42.1584,-72.3287,73.9,67,81,1.01,2021-08-01 22:56:19,broken clouds
426,Rajapur,IN,25.3833,81.15,77.0,85,96,11.56,2021-08-01 22:56:19,overcast clouds
427,Boa Vista,BR,2.8197,-60.6733,76.98,83,75,4.61,2021-08-01 22:53:10,broken clouds
428,Falkirk,GB,55.9992,-3.7871,57.2,76,100,2.13,2021-08-01 22:56:20,overcast clouds
429,Henderson,US,36.0397,-114.9819,101.75,27,1,4.61,2021-08-01 22:56:20,clear sky
430,Saint-Pierre,RE,-21.3393,55.4781,65.88,55,36,8.05,2021-08-01 22:56:21,scattered clouds
431,Sinnamary,GF,5.3833,-52.95,79.34,80,54,7.83,2021-08-01 22:56:21,broken clouds
432,Broken Hill,AU,-31.95,141.4333,46.11,87,0,12.66,2021-08-01 22:56:22,clear sky
433,Ponta Do Sol,PT,32.6667,-17.1,72.23,68,1,7.54,2021-08-01 22:56:22,clear sky
434,Ray,IN,23.6833,85.05,77.77,91,100,3.2,2021-08-01 22:56:23,overcast clouds
435,Nur,PL,52.6683,22.3221,61.79,99,95,4.47,2021-08-01 22:56:23,moderate rain
436,Kijang,KR,35.2442,129.2139,83.93,78,81,4.9,2021-08-01 22:56:24,broken clouds
437,Kavaratti,IN,10.5669,72.642,81.97,77,82,15.64,2021-08-01 22:56:24,broken clouds
438,Shubarshi,KZ,48.5872,57.1869,79.21,36,0,7.76,2021-08-01 22:56:25,clear sky
439,Port Elizabeth,ZA,-33.918,25.5701,61.09,72,75,29.93,2021-08-01 22:56:25,broken clouds
440,Independence,US,39.0911,-94.4155,83.44,58,0,1.99,2021-08-01 22:56:26,clear sky
441,Caravelas,BR,-17.7125,-39.2481,68.92,66,96,8.81,2021-08-01 22:51:34,overcast clouds
442,Yecla,ES,38.6137,-1.1147,70.12,65,99,3.65,2021-08-01 22:56:26,overcast clouds
443,Shelburne,CA,44.0787,-80.2041,64.29,85,92,12.41,2021-08-01 22:56:27,light rain
444,Alegrete,BR,-29.7831,-55.7919,53.35,75,0,6.04,2021-08-01 22:56:27,clear sky
445,Siirt,TR,37.9326,41.9403,77.9,41,71,6.44,2021-08-01 22:56:27,light rain
446,Bera,BD,24.0833,89.6167,79.12,92,100,7.74,2021-08-01 22:56:28,heavy intensity rain
447,Buseresere,TZ,-3.0236,31.8747,64.99,46,2,4.41,2021-08-01 22:56:28,clear sky
448,Husavik,IS,66.0449,-17.3389,53.51,72,62,1.54,2021-08-01 22:56:29,broken clouds
449,Nagato,JP,34.3833,131.2,82.31,91,100,8.48,2021-08-01 22:56:29,overcast clouds
450,Golden,US,39.7555,-105.2211,82.58,41,99,8.99,2021-08-01 22:56:30,overcast clouds
451,Mareeba,AU,-17.0,145.4333,70.48,82,46,4.27,2021-08-01 22:56:30,scattered clouds
452,Half Moon Bay,US,37.4636,-122.4286,88.54,63,20,1.01,2021-08-01 22:56:31,few clouds
453,Robertsport,LR,6.7533,-11.3686,77.85,79,100,12.71,2021-08-01 22:56:31,light rain
454,Cornelius,US,35.4868,-80.8601,88.09,64,1,0.0,2021-08-01 22:56:32,clear sky
455,Shelopugino,RU,51.6514,117.5599,57.13,90,70,4.63,2021-08-01 22:56:32,broken clouds
456,Constitucion,CL,-35.3333,-72.4167,54.05,68,0,8.61,2021-08-01 22:55:56,clear sky
457,Santa Rosa,PH,14.3122,121.1114,82.9,81,100,14.36,2021-08-01 22:56:33,light rain
458,Shinichi,JP,34.55,133.2667,82.94,69,87,2.44,2021-08-01 22:56:33,overcast clouds
459,Gallup,US,35.5281,-108.7426,73.02,51,91,4.0,2021-08-01 22:56:34,overcast clouds
460,Ulaangom,MN,49.9811,92.0667,57.29,60,78,2.51,2021-08-01 22:56:34,broken clouds
461,Rio Gallegos,AR,-51.6226,-69.2181,46.45,61,0,16.11,2021-08-01 22:56:35,clear sky
462,Marau,BR,-28.4492,-52.2,48.25,86,5,1.72,2021-08-01 22:56:35,clear sky
463,Mawlaik,MM,23.6333,94.4167,75.42,100,100,0.67,2021-08-01 22:56:35,very heavy rain
464,Augusto Correa,BR,-1.0217,-46.635,72.91,93,64,3.09,2021-08-01 22:56:36,broken clouds
465,Mantua,IT,45.1667,10.7833,68.95,87,26,1.01,2021-08-01 22:52:30,scattered clouds
466,Roald,NO,62.5833,6.1333,53.01,76,90,3.44,2021-08-01 22:56:37,overcast clouds
467,Dunmore Town,BS,25.5,-76.65,84.43,73,2,10.42,2021-08-01 22:56:37,clear sky
468,Arman,RU,59.7,150.1667,56.7,45,2,20.18,2021-08-01 22:56:37,clear sky
469,Tabory,RU,58.5198,64.5495,56.28,98,1,6.53,2021-08-01 22:56:38,clear sky
470,Catamarca,AR,-28.4696,-65.7852,57.04,35,0,7.58,2021-08-01 22:56:38,clear sky
471,Matay,EG,28.419,30.7792,87.01,27,0,10.04,2021-08-01 22:56:39,clear sky
472,Ukiah,US,39.1502,-123.2078,103.51,27,3,1.99,2021-08-01 22:56:39,clear sky
473,Bratsk,RU,56.1325,101.6142,59.49,86,100,11.32,2021-08-01 22:56:40,overcast clouds
474,Douglas,US,41.3,-96.167,81.14,43,1,4.0,2021-08-01 22:56:40,clear sky
475,Kajaani,FI,64.2273,27.7285,57.25,94,0,5.75,2021-08-01 22:56:41,clear sky
476,Bara,NG,10.3744,10.7288,73.2,95,100,4.0,2021-08-01 22:56:42,light rain
477,Japura,ID,-0.3167,102.35,72.77,98,85,2.57,2021-08-01 22:53:01,overcast clouds
478,Neuquen,AR,-38.9516,-68.0591,55.29,62,0,0.0,2021-08-01 22:55:25,clear sky
479,Yanam,IN,16.7333,82.2167,83.21,62,100,5.17,2021-08-01 22:56:43,overcast clouds
480,Necochea,AR,-38.5473,-58.7368,41.04,76,2,7.96,2021-08-01 22:56:43,clear sky
481,Nanortalik,GL,60.1432,-45.2371,48.15,80,100,11.1,2021-08-01 22:56:44,overcast clouds
482,Margate,GB,51.3813,1.3862,60.69,83,97,1.99,2021-08-01 22:54:32,overcast clouds
483,Redmond,US,47.674,-122.1215,88.23,52,100,1.99,2021-08-01 22:52:33,overcast clouds
484,San Cristobal,VE,7.7669,-72.225,78.98,97,81,5.93,2021-08-01 22:56:45,broken clouds
485,Prenzlau,DE,53.3167,13.8667,60.64,93,37,7.54,2021-08-01 22:56:45,scattered clouds
486,Los Algarrobos,PA,8.5,-82.4333,86.45,74,20,6.91,2021-08-01 22:56:46,few clouds
487,Inhambane,MZ,-23.865,35.3833,63.39,80,0,5.91,2021-08-01 22:56:46,clear sky
488,Jiangkou,CN,25.4872,119.1986,78.69,91,100,4.05,2021-08-01 22:56:47,light rain
489,Muktsar,IN,30.4833,74.5167,86.72,64,10,5.19,2021-08-01 22:56:47,clear sky
490,Antofagasta,CL,-23.65,-70.4,58.28,78,27,3.74,2021-08-01 22:56:03,scattered clouds
491,Gouyave,GD,12.1646,-61.7296,81.37,83,20,19.57,2021-08-01 22:56:07,few clouds
492,Tigre,AR,-34.426,-58.5796,54.23,75,0,4.61,2021-08-01 22:56:48,clear sky
493,Galich,RU,58.3797,42.3475,58.78,98,72,4.99,2021-08-01 22:56:48,broken clouds
494,Fukue,JP,32.6881,128.8419,81.52,81,94,10.51,2021-08-01 22:55:48,overcast clouds
495,Roma,US,43.2128,-75.4557,65.86,94,90,4.61,2021-08-01 22:52:14,overcast clouds
496,Dedougou,BF,12.4667,-3.4667,79.25,69,95,7.83,2021-08-01 22:55:08,overcast clouds
497,Takoradi,GH,4.8845,-1.7554,75.27,90,32,4.97,2021-08-01 22:56:50,scattered clouds
498,Grindavik,IS,63.8424,-22.4338,53.56,93,90,2.3,2021-08-01 22:56:50,overcast clouds
499,Naron,ES,43.5167,-8.1528,65.68,88,68,5.84,2021-08-01 22:56:51,broken clouds
500,Edgewater,US,28.9889,-80.9023,92.28,60,92,8.88,2021-08-01 22:56:51,overcast clouds
501,Guadalajara,MX,20.6667,-103.3333,84.42,47,46,4.7,2021-08-01 22:54:27,scattered clouds
502,Lipari,IT,38.4674,14.954,87.1,70,18,6.98,2021-08-01 22:56:52,few clouds
503,Troitskoye,RU,52.9821,84.6757,59.9,65,51,7.07,2021-08-01 22:56:52,broken clouds
504,Concordia,AR,-31.393,-58.0209,54.79,65,0,5.93,2021-08-01 22:56:53,clear sky
505,Rantepao,ID,-2.9701,119.8978,67.8,96,95,1.1,2021-08-01 22:56:53,overcast clouds
506,Evensk,RU,61.95,159.2333,47.1,78,100,18.3,2021-08-01 22:56:54,light rain
507,Rabak,SD,13.1809,32.74,75.83,78,83,10.0,2021-08-01 22:56:54,broken clouds
508,Sao Filipe,CV,14.8961,-24.4956,76.01,76,9,4.5,2021-08-01 22:56:55,clear sky
509,Tarnow,PL,50.0138,20.987,65.97,96,71,15.3,2021-08-01 22:56:55,light rain
510,Severo-Kurilsk,RU,50.6789,156.125,56.35,70,1,14.63,2021-08-01 22:56:56,clear sky
511,Merauke,ID,-8.4667,140.3333,75.87,77,7,13.49,2021-08-01 22:56:56,clear sky
512,Rosetta,EG,31.4044,30.4164,80.42,82,0,7.16,2021-08-01 22:56:56,clear sky
513,Port-Gentil,GA,-0.7193,8.7815,75.16,94,75,10.36,2021-08-01 22:56:57,light rain
514,Mount Isa,AU,-20.7333,139.5,69.57,43,12,3.44,2021-08-01 22:56:57,few clouds
515,Weihe,CN,32.9952,105.3247,67.98,98,12,1.57,2021-08-01 22:56:58,few clouds
516,Morehead,US,37.2711,-87.1764,83.86,60,75,1.99,2021-08-01 22:56:58,broken clouds
517,Pavlodar,KZ,52.3,76.95,60.6,82,0,2.24,2021-08-01 22:56:58,clear sky
518,Nizwa,OM,22.9333,57.5333,86.9,49,100,1.95,2021-08-01 22:56:59,overcast clouds
519,Geraldton,AU,-28.7667,114.6,45.01,93,75,8.05,2021-08-01 22:56:59,broken clouds
520,Buchanan,LR,5.8808,-10.0467,76.46,78,80,7.4,2021-08-01 22:57:00,broken clouds
521,Sept-Iles,CA,50.2001,-66.3821,66.72,74,75,7.0,2021-08-01 22:52:02,broken clouds
522,Buraydah,SA,26.326,43.975,90.05,10,6,5.08,2021-08-01 22:52:56,clear sky
523,Sijunjung,ID,-0.6876,100.9537,68.77,98,77,2.1,2021-08-01 22:57:01,broken clouds
524,Awjilah,LY,29.1081,21.2869,85.71,27,3,10.78,2021-08-01 22:57:01,clear sky
525,Cururupu,BR,-1.8283,-44.8683,74.62,79,69,1.74,2021-08-01 22:57:02,broken clouds
526,Pangkalanbuun,ID,-2.6833,111.6167,72.99,97,74,1.52,2021-08-01 22:57:02,light rain
527,Santa Vitoria Do Palmar,BR,-33.5189,-53.3681,49.87,93,35,5.46,2021-08-01 22:57:03,scattered clouds
528,Potosi,BO,-19.5836,-65.7531,36.14,77,64,6.93,2021-08-01 22:52:55,broken clouds
529,Muroto,JP,33.2833,134.15,80.64,79,83,6.93,2021-08-01 22:57:04,broken clouds
530,Marienburg,PL,54.0359,19.0266,62.87,89,100,5.19,2021-08-01 22:57:04,overcast clouds
531,Kadaura,IN,25.9833,79.85,77.5,91,100,11.12,2021-08-01 22:57:05,overcast clouds
532,Australind,AU,-33.2667,115.7167,52.05,69,92,5.28,2021-08-01 22:57:05,overcast clouds
533,Rio Branco,BR,-9.9747,-67.81,79.41,57,0,3.44,2021-08-01 22:57:06,clear sky
534,Hukuntsi,BW,-24.0,21.75,49.19,38,0,5.77,2021-08-01 22:57:06,clear sky
535,Baculin,PH,7.4525,126.5842,81.59,79,99,2.95,2021-08-01 22:57:07,overcast clouds
536,Dzilam Gonzalez,MX,21.2833,-88.9333,79.84,91,77,7.78,2021-08-01 22:57:07,broken clouds
537,Rosa Zarate,EC,0.3333,-79.4667,80.17,79,62,4.79,2021-08-01 22:57:08,light rain
538,Sabha,LY,27.0377,14.4283,88.16,12,0,3.62,2021-08-01 22:57:08,clear sky
539,New Plymouth,NZ,-39.0667,174.0833,54.05,84,98,2.84,2021-08-01 22:57:06,overcast clouds
540,Hirara,JP,24.8,125.2833,79.07,94,75,9.22,2021-08-01 22:57:09,moderate rain
541,Yarada,IN,17.65,83.2667,80.92,89,40,2.3,2021-08-01 22:57:09,scattered clouds
542,Bhojudih,IN,23.6333,86.45,79.3,82,98,5.97,2021-08-01 22:57:10,overcast clouds
543,Mogadishu,SO,2.0371,45.3438,75.6,85,68,17.58,2021-08-01 22:57:10,light rain
544,Ketchikan,US,55.3422,-131.6461,68.41,68,99,3.74,2021-08-01 22:57:11,overcast clouds
545,Warrington,GB,53.3925,-2.5802,60.46,79,90,5.75,2021-08-01 22:57:11,overcast clouds
546,Port Moresby,PG,-9.4431,147.1797,78.22,61,20,3.44,2021-08-01 22:57:12,few clouds
547,Port-De-Bouc,FR,43.4,4.9833,71.96,56,0,11.5,2021-08-01 22:57:12,clear sky
548,Liuhe,CN,42.2401,125.7172,66.69,99,100,2.21,2021-08-01 22:57:13,light rain
549,Puerto Baquerizo Moreno,EC,-0.9,-89.6,76.19,73,20,12.66,2021-08-01 22:52:31,few clouds
550,Hambantota,LK,6.1241,81.1185,79.05,82,100,15.5,2021-08-01 22:57:13,overcast clouds
551,Ipira,BR,-12.1583,-39.7372,64.47,81,93,7.38,2021-08-01 22:55:20,overcast clouds
552,Maracas,BR,-13.4411,-40.4308,58.01,85,87,7.61,2021-08-01 22:57:14,overcast clouds
553,Liancheng,CN,24.0519,105.075,65.48,92,15,3.22,2021-08-01 22:57:15,few clouds
554,Astrakhan,RU,46.3497,48.0408,73.27,78,0,0.0,2021-08-01 22:54:28,clear sky
555,Saint-Francois,FR,46.4154,3.9054,58.44,86,0,2.3,2021-08-01 22:57:15,clear sky
556,Beringovskiy,RU,63.05,179.3167,46.92,76,38,18.84,2021-08-01 22:57:16,scattered clouds
557,Chifeng,CN,42.2683,118.9636,65.8,71,49,5.86,2021-08-01 22:57:16,scattered clouds
558,Tecoanapa,MX,16.5167,-98.75,86.58,67,57,9.06,2021-08-01 22:57:17,broken clouds
559,San Luis,AR,-33.295,-66.3356,53.29,29,0,4.07,2021-08-01 22:56:34,clear sky
560,Broome,US,42.2506,-75.833,63.19,96,90,1.01,2021-08-01 22:57:17,mist
561,Bonthe,SL,7.5264,-12.505,76.73,85,100,9.75,2021-08-01 22:57:18,light rain
562,Nador,MA,35.174,-2.9287,73.47,43,0,1.14,2021-08-01 22:57:18,clear sky
563,Tubinskiy,RU,52.8892,58.2225,60.94,57,39,3.98,2021-08-01 22:57:19,scattered clouds
564,Dukat,RU,62.55,155.55,33.4,100,100,6.58,2021-08-01 22:57:19,snow
565,Pokhara,NP,28.2333,83.9833,71.33,93,58,2.01,2021-08-01 22:57:20,moderate rain
566,Jardim,BR,-21.4803,-56.1381,63.28,56,100,1.57,2021-08-01 22:57:20,overcast clouds
567,Itaituba,BR,-4.2761,-55.9836,83.12,54,96,3.15,2021-08-01 22:57:20,light rain
568,Karasburg,NA,-28.0167,18.75,55.18,24,0,2.77,2021-08-01 22:57:21,clear sky
569,Krasnoselkup,RU,65.7,82.4667,55.17,80,92,7.49,2021-08-01 22:57:21,overcast clouds
570,Puro,PH,12.4841,123.3827,83.37,78,100,20.49,2021-08-01 22:57:22,moderate rain
571,Butte,US,39.6499,-121.5677,104.09,20,0,8.66,2021-08-01 22:57:22,clear sky
572,Xihe,CN,31.6864,113.4659,81.43,85,58,4.27,2021-08-01 22:57:23,broken clouds
573,Kutoarjo,ID,-7.7169,109.9128,74.37,90,81,3.65,2021-08-01 22:57:23,broken clouds
574,Port Lincoln,AU,-34.7333,135.8667,51.69,68,34,25.5,2021-08-01 22:57:23,light rain
575,Bilibino,RU,68.0546,166.4372,45.28,51,76,8.05,2021-08-01 22:57:24,broken clouds
576,Sakaiminato,JP,35.55,133.2333,80.58,83,75,6.91,2021-08-01 22:57:24,broken clouds
577,Saint-Georges,GD,12.0564,-61.7485,82.08,83,20,19.57,2021-08-01 22:57:25,few clouds
578,Tuzla,BA,44.5428,18.6694,75.16,64,0,6.91,2021-08-01 22:57:25,clear sky
579,San Carlos De Bariloche,AR,-41.1456,-71.3082,47.95,51,75,2.3,2021-08-01 22:57:25,broken clouds
580,Saryozek,KZ,44.3583,77.9753,61.81,17,4,2.59,2021-08-01 22:57:26,clear sky
581,La Romana,DO,18.4273,-68.9728,89.96,58,40,6.91,2021-08-01 22:57:26,scattered clouds
582,Padang,ID,-0.9492,100.3543,74.84,91,98,5.57,2021-08-01 22:57:27,overcast clouds
583,Rapid City,US,44.0805,-103.231,89.26,24,1,4.0,2021-08-01 22:53:10,smoke
584,Honjo,JP,36.2333,139.1833,85.57,69,60,3.91,2021-08-01 22:57:27,broken clouds
585,Qaqortoq,GL,60.7167,-46.0333,49.6,83,100,8.66,2021-08-01 22:57:28,light rain
586,Aljezur,PT,37.3191,-8.8033,64.69,97,42,7.52,2021-08-01 22:57:28,scattered clouds
587,Coos Bay,US,43.3665,-124.2179,100.85,100,44,1.01,2021-08-01 22:57:29,scattered clouds
588,Kuala Terengganu,MY,5.3302,103.1408,75.15,100,20,2.3,2021-08-01 22:57:29,few clouds
589,Mwinilunga,ZM,-11.7358,24.4293,56.71,55,1,4.5,2021-08-01 22:57:30,clear sky
590,Wattegama,LK,6.7989,81.4808,75.61,82,100,5.3,2021-08-01 22:57:30,overcast clouds
591,Ushirombo,TZ,-3.4919,31.9639,65.59,44,1,3.38,2021-08-01 22:57:31,clear sky
592,Saldanha,ZA,-33.0117,17.9442,46.45,86,59,8.37,2021-08-01 22:55:41,broken clouds
593,Seybaplaya,MX,19.65,-90.6667,89.06,79,79,14.9,2021-08-01 22:57:31,broken clouds
594,Mehamn,NO,71.0357,27.8492,44.83,93,100,19.42,2021-08-01 22:57:32,light rain
595,Leshukonskoye,RU,64.8989,45.7622,52.27,97,20,3.27,2021-08-01 22:57:32,few clouds
596,Nhulunbuy,AU,-12.2333,136.7667,74.01,94,75,0.0,2021-08-01 22:55:37,broken clouds
597,Greymouth,NZ,-42.4667,171.2,53.2,84,86,2.24,2021-08-01 22:57:33,overcast clouds
598,Mersing,MY,2.4312,103.8405,75.11,94,61,3.44,2021-08-01 22:57:33,broken clouds
599,Mwingi,KE,-0.9344,38.0601,62.22,71,51,7.23,2021-08-01 22:57:33,broken clouds
600,Salta,AR,-24.7859,-65.4117,57.79,33,0,6.91,2021-08-01 22:56:18,clear sky
601,Rizhao,CN,35.4275,119.4553,76.28,85,30,6.62,2021-08-01 22:57:34,scattered clouds
602,Wilson,US,36.1501,-86.2833,82.44,60,1,6.91,2021-08-01 22:57:34,clear sky
603,Kholm,RU,59.2667,32.85,57.27,88,45,4.83,2021-08-01 22:57:35,scattered clouds
604,Manggar,ID,-2.8833,108.2667,80.73,76,80,10.04,2021-08-01 22:57:00,broken clouds
605,Boa Esperanca Do Sul,BR,-21.9925,-48.3908,63.46,52,38,6.8,2021-08-01 22:57:35,scattered clouds
606,Kudahuvadhoo,MV,2.6708,72.8944,82.26,72,98,7.09,2021-08-01 22:52:45,overcast clouds
607,Marawi,PH,7.9986,124.2928,70.65,91,100,4.41,2021-08-01 22:57:36,overcast clouds
608,Port Macquarie,AU,-31.4333,152.9167,61.9,75,93,5.93,2021-08-01 22:56:27,overcast clouds
609,Tamandare,BR,-8.7597,-35.1047,73.8,79,11,13.78,2021-08-01 22:57:37,few clouds
610,Sujangarh,IN,27.7011,74.4649,79.41,84,84,15.48,2021-08-01 22:57:37,broken clouds
611,Meadow Lake,US,34.8014,-106.5436,85.48,36,78,18.86,2021-08-01 22:57:38,broken clouds
612,Arlit,NE,18.7369,7.3853,97.12,23,37,5.14,2021-08-01 22:57:38,scattered clouds
613,Ballina,AU,-28.8667,153.5667,67.96,77,90,10.36,2021-08-01 22:57:39,overcast clouds
614,Horodok,UA,49.1637,26.5839,73.51,53,40,13.15,2021-08-01 22:57:39,scattered clouds
615,Krasnorechenskiy,RU,44.6265,135.3532,68.13,82,100,2.08,2021-08-01 22:57:40,overcast clouds
616,Methoni,GR,36.8197,21.7049,88.21,64,0,7.96,2021-08-01 22:57:40,clear sky
617,Tiarei,PF,-17.5333,-149.3333,80.62,63,17,8.21,2021-08-01 22:57:41,few clouds
618,Talara,PE,-4.5772,-81.2719,65.91,84,1,21.12,2021-08-01 22:57:41,clear sky
619,Flagstaff,US,35.1981,-111.6513,82.13,53,75,7.0,2021-08-01 22:54:32,broken clouds
620,Alekseyevsk,RU,57.8406,108.3492,59.23,61,100,5.77,2021-08-01 22:57:42,overcast clouds
621,Santa Cruz Cabralia,BR,-16.2781,-39.0247,66.43,82,75,4.61,2021-08-01 22:57:42,broken clouds
622,Kano,NG,12.0001,8.5167,73.29,94,20,5.75,2021-08-01 22:57:43,thunderstorm with light rain
623,Lasa,IT,46.6166,10.7002,53.62,94,78,6.51,2021-08-01 22:57:44,broken clouds
624,Kuybyshevo,RU,47.8123,38.9073,76.57,51,2,4.38,2021-08-01 22:57:44,clear sky
625,Swellendam,ZA,-34.0226,20.4417,55.78,82,34,2.57,2021-08-01 22:57:45,scattered clouds
626,Ahuimanu,US,21.4447,-157.8378,81.79,65,14,22.15,2021-08-01 22:57:45,few clouds
627,Nizhnyaya Poyma,RU,56.1622,97.1933,55.47,97,100,2.57,2021-08-01 22:57:46,overcast clouds
628,Kangaatsiaq,GL,68.3065,-53.4641,44.53,85,0,13.91,2021-08-01 22:57:39,clear sky
629,Piacenza,IT,45.0468,9.6994,67.75,83,49,5.41,2021-08-01 22:57:47,scattered clouds
630,Wanaka,NZ,-44.7,169.15,44.11,99,74,4.36,2021-08-01 22:57:47,broken clouds
631,Songjianghe,CN,42.1859,127.479,67.53,99,100,3.33,2021-08-01 22:57:48,moderate rain
632,Biloela,AU,-24.4167,150.5,67.95,71,0,5.41,2021-08-01 22:57:48,clear sky
633,Muros,ES,42.7762,-9.0603,64.9,86,100,6.31,2021-08-01 22:57:49,overcast clouds
634,Srednekolymsk,RU,67.45,153.6833,40.53,64,100,10.54,2021-08-01 22:57:49,overcast clouds
635,Takikawa,JP,43.5528,141.9064,78.51,93,97,0.22,2021-08-01 22:57:49,overcast clouds
636,Bani Walid,LY,31.7566,13.9942,82.63,25,0,5.77,2021-08-01 22:57:50,clear sky
637,Aden,YE,12.7794,45.0367,81.82,83,86,4.07,2021-08-01 22:57:36,overcast clouds
638,Shar,KZ,49.5886,81.0453,67.78,37,0,3.69,2021-08-01 22:57:51,clear sky
639,Hikone,JP,35.25,136.25,83.53,77,30,4.0,2021-08-01 22:57:51,scattered clouds
640,Minervino Murge,IT,41.0843,16.0784,86.63,30,22,10.56,2021-08-01 22:57:52,few clouds
641,Pozo Colorado,PY,-23.4923,-58.7972,61.95,40,4,4.41,2021-08-01 22:57:52,clear sky
642,Cabo Rojo,PR,18.0866,-67.1457,84.9,75,51,3.0,2021-08-01 22:57:53,broken clouds
643,Khorixas,NA,-20.3667,14.9667,64.38,26,0,9.24,2021-08-01 22:57:53,clear sky
644,Asbe Teferi,ET,9.0833,40.8667,61.25,76,65,5.26,2021-08-01 22:57:54,broken clouds
645,Liku,ID,-0.7275,119.8922,75.94,88,55,1.7,2021-08-01 22:57:54,broken clouds
646,Cam Ranh,VN,11.9214,109.1591,82.36,74,20,10.36,2021-08-01 22:57:55,few clouds
647,Santa Cruz,BO,-17.8,-63.1667,71.65,26,75,13.8,2021-08-01 22:57:55,smoke
648,Russell,US,32.3502,-85.1999,94.28,70,20,6.62,2021-08-01 22:56:24,few clouds
649,San Quintin,MX,30.4833,-115.95,77.56,58,9,15.32,2021-08-01 22:57:56,clear sky
650,Progreso,MX,21.2833,-89.6667,86.11,82,56,11.18,2021-08-01 22:57:56,broken clouds
651,La Ronge,CA,55.1001,-105.2842,86.25,25,75,8.05,2021-08-01 22:55:54,smoke
652,Paragominas,BR,-2.9667,-47.4833,75.92,62,83,4.29,2021-08-01 22:57:57,broken clouds
653,Pangoa,PE,-12.1167,-73.0,70.07,65,28,3.29,2021-08-01 22:57:57,scattered clouds
654,Fuerte Olimpo,PY,-21.0415,-57.8738,68.86,42,100,3.6,2021-08-01 22:57:58,overcast clouds
655,Champerico,GT,14.3,-91.9167,91.94,74,86,4.45,2021-08-01 22:57:59,overcast clouds
656,Chilliwack,CA,49.1747,-121.9443,82.78,73,100,4.61,2021-08-01 22:57:23,overcast clouds
657,Skelleftea,SE,64.7507,20.9528,48.99,62,40,8.05,2021-08-01 22:57:59,scattered clouds
658,Mezen,RU,65.8522,44.24,47.14,84,6,4.99,2021-08-01 22:58:00,clear sky
659,Tshikapa,CD,-6.4167,20.8,72.82,27,62,2.86,2021-08-01 22:58:00,broken clouds
660,Paracuru,BR,-3.41,-39.0306,80.62,77,85,10.13,2021-08-01 22:58:01,overcast clouds
661,Kloulklubed,PW,7.0419,134.2556,84.16,76,100,14.32,2021-08-01 22:58:01,overcast clouds
662,Chara,RU,56.9064,118.2631,50.59,95,100,3.31,2021-08-01 22:58:02,light rain
663,Yinchuan,CN,38.4681,106.2731,75.7,24,77,7.72,2021-08-01 22:58:02,broken clouds
664,Lompoc,US,34.6391,-120.4579,90.01,65,6,10.0,2021-08-01 22:58:03,clear sky
665,Isla Mujeres,MX,21.2311,-86.731,87.17,71,0,10.0,2021-08-01 22:58:03,clear sky
666,Sokoni,TZ,-6.4333,39.55,75.36,78,11,16.84,2021-08-01 22:58:03,few clouds
667,Hovd,MN,48.0056,91.6419,54.32,63,4,2.06,2021-08-01 22:58:04,clear sky
668,Veraval,IN,20.9,70.3667,81.25,85,100,20.0,2021-08-01 22:58:04,overcast clouds
669,New Iberia,US,30.0035,-91.8187,91.98,54,1,8.05,2021-08-01 22:58:05,clear sky
670,Veinticinco De Mayo,AR,-35.4323,-60.1727,52.05,86,3,1.99,2021-08-01 22:58:05,clear sky
671,Luis Correia,BR,-2.8792,-41.6669,77.92,81,98,7.7,2021-08-01 22:58:06,overcast clouds
